{"cameraMode":{"drawMode":0,"name":"Shaded","section":"Shading Mode"},"sceneLighting":true,"audioPlay":false,"sceneViewState":{"m_AlwaysRefresh":false,"showFog":true,"showSkybox":true,"showFlares":true,"showImageEffects":true,"showParticleSystems":true,"showVisualEffectGraphs":true,"m_FxEnabled":true},"in2DMode":false,"pivot":{"x":10.909921646118164,"y":-1.2647016048431397,"z":-1.1969537734985352},"rotation":{"x":0.004349737893790007,"y":0.9586197733879089,"z":-0.28430137038230898,"w":0.014669987373054028},"size":3.8043057918548586,"orthographic":false}